название,цена,ссылка на товар
Кроссовки Mizuno Contender,16 990 ₽,https://sneakerhead.ru/shoes/sneakers/contender-d1ga243201/
Кроссовки Mizuno Contender,16 990 ₽,https://sneakerhead.ru/shoes/sneakers/contender-d1ga243301/
Кроссовки Mizuno Sky Medal B,18 990 ₽,https://sneakerhead.ru/shoes/sneakers/sky-medal-b-d1ga243003/
Кроссовки adidas Originals Handball Spezial W,12 490 ₽,https://sneakerhead.ru/shoes/sneakers/handball-spezial-w-ie5897/
Кроссовки adidas Originals Handball Spezial,12 490 ₽,https://sneakerhead.ru/shoes/sneakers/handball-spezial-ig6191/
Кроссовки adidas Originals Handball Spezial,12 490 ₽,https://sneakerhead.ru/shoes/sneakers/handball-spezial-ig6183/
Кроссовки New Balance 574,14 490 ₽,https://sneakerhead.ru/shoes/sneakers/574-ml574dr2/
Кроссовки New Balance 574,14 490 ₽,https://sneakerhead.ru/shoes/sneakers/574-ml574dk2/
Кроссовки ASICS GEL-1090,18 990 ₽,https://sneakerhead.ru/shoes/sneakers/gel-1090-1203a241-020/
Кроссовки ASICS GEL-1130,19 990 ₽,https://sneakerhead.ru/shoes/sneakers/gel-1130-1203a413-021/
Кроссовки New Balance 580,19 990 ₽,https://sneakerhead.ru/shoes/sneakers/580-mt580mg2/
Кроссовки New Balance 610,21 490 ₽,https://sneakerhead.ru/shoes/sneakers/610-ml610tap/
Кроссовки New Balance 610,21 490 ₽,https://sneakerhead.ru/shoes/sneakers/610-ml610taq/
Кроссовки adidas Originals Bad Bunny Response CL,24 990 ₽,https://sneakerhead.ru/shoes/sneakers/bad-bunny-response-cl-ID0780/
Кроссовки adidas Originals Campus 00s,19 990 ₽,https://sneakerhead.ru/shoes/sneakers/campus-00s-IF8774/
Кроссовки Nike Dunk Low Retro,18 490 ₽,https://sneakerhead.ru/shoes/sneakers/dunk-low-retro-DD1391-100/
Кроссовки Nike WMNS Dunk Low,18 490 ₽,https://sneakerhead.ru/shoes/sneakers/wmns-dunk-low-DD1503-101/
Кроссовки Jordan 1 Retro High OG Craft,25 490 ₽,https://sneakerhead.ru/shoes/sneakers/1-retro-high-og-craft-FD8631-100/
Кроссовки Nike WMNS Dunk Low,16 990 ₽,https://sneakerhead.ru/shoes/sneakers/wmns-dunk-low-DD1503-301/
Кроссовки Nike WMNS Air Max 1 87,22 990 ₽,https://sneakerhead.ru/shoes/sneakers/wmns-air-max-1-87-FJ4735-001/
Кроссовки Nike Air Force 1 '07,18 490 ₽,https://sneakerhead.ru/shoes/sneakers/air-force-1-07-CW2288-001/
Кроссовки Nike Air Force 1 '07,18 490 ₽,https://sneakerhead.ru/shoes/sneakers/air-force-1-07-CW2288-111/
Кроссовки Jordan WMNS 1 Low,17 990 ₽,https://sneakerhead.ru/shoes/sneakers/wmns-1-low-DC0774-061/
Кроссовки Nike WMNS Air Max Plus,25 490 ₽,https://sneakerhead.ru/shoes/sneakers/wmns-air-max-plus-DZ3671-100/
Кроссовки Nike WMNS Air Force 1 '07,16 990 ₽,https://sneakerhead.ru/shoes/sneakers/wmns-air-force-1-07-dd8959-108/
Кроссовки Nike WMNS Air Force 1 '07 LX,17 990 ₽,https://sneakerhead.ru/shoes/sneakers/wmns-air-force-1-07-lx-dr0148-102/
Кроссовки Nike Air Force 1 '07 LX,17 990 ₽,https://sneakerhead.ru/shoes/sneakers/air-force-1-07-lx-dv0788-104/
Кроссовки Nike Air Force 1 '07,17 990 ₽,https://sneakerhead.ru/shoes/sneakers/air-force-1-07-fn7804-100/
Кроссовки Nike Air Max 1 '86 OG,21 990 ₽,https://sneakerhead.ru/shoes/sneakers/air-max-1-86-og-dq3989-100/
Кроссовки Jordan 11 Retro (GS),20 990 ₽,https://sneakerhead.ru/shoes/sneakers/11-retro-gs-378038-170/
Кроссовки Jordan WMNS 3 Retro,27 990 ₽,https://sneakerhead.ru/shoes/sneakers/wmns-3-retro-CK9246-136/
Кроссовки Jordan 1 Mid SE,19 990 ₽,https://sneakerhead.ru/shoes/sneakers/1-mid-se-dx4332-700/
Кроссовки Jordan 1 Low,17 990 ₽,https://sneakerhead.ru/shoes/sneakers/1-low-553558-140/
Кроссовки Nike Air Force 1 `07 WB,17 990 ₽,https://sneakerhead.ru/shoes/sneakers/air-force-1-07-wb-CJ9179-200/
Кроссовки Jordan 1 Mid SE,23 190 ₽,https://sneakerhead.ru/shoes/sneakers/1-mid-se-DZ4129-102/
Кроссовки ASICS GEL-NIMBUS 9,18 490 ₽,https://sneakerhead.ru/shoes/sneakers/gel-nimbus-9-1201A424-023/
Кроссовки Mizuno RB87,14 990 ₽,https://sneakerhead.ru/shoes/sneakers/rb87-D1GA235207/
Кроссовки PUMA Spirex IOS,15 990 ₽,https://sneakerhead.ru/shoes/sneakers/spirex-ios-39650101/
Кроссовки PUMA Morphic Retro,12 490 ₽,https://sneakerhead.ru/shoes/sneakers/morphic-retro-39592002/
Кроссовки PUMA Morphic Retro,12 490 ₽,https://sneakerhead.ru/shoes/sneakers/morphic-retro-39592001/
Кроссовки PUMA Blktop Rider Preppy,12 490 ₽,https://sneakerhead.ru/shoes/sneakers/blktop-rider-preppy-39587502/
Кроссовки PUMA CA Pro Ripple Earth,12 990 ₽,https://sneakerhead.ru/shoes/sneakers/ca-pro-ripple-earth-39577301/
Кроссовки PUMA 180 PRM Wns,12 990 ₽,https://sneakerhead.ru/shoes/sneakers/180-prm-wns-39376405/
Кроссовки PUMA Velophasis Retreat Yourself Wns,15 990 ₽,https://sneakerhead.ru/shoes/sneakers/velophasis-retreat-yourself-wns-39599701/
Кроссовки PUMA Velophasis 002 Asym,15 990 ₽,https://sneakerhead.ru/shoes/sneakers/velophasis-002-asym-39647302/
Кроссовки PUMA Velophasis,15 990 ₽,https://sneakerhead.ru/shoes/sneakers/velophasis-39647903/
Кроссовки Reebok Zig Kinetica 2.5 Edge,15 990 ₽,https://sneakerhead.ru/shoes/sneakers/zig-kinetica-2-5-edge-100074673/
Кроссовки Mizuno Contender,16 990 ₽,https://sneakerhead.ru/shoes/sneakers/contender-D1GA242001/
